id,user_id,first_name,last_name,msu_email,msu_id,profile_image,modified_profile_at,created_profile_at,age,gender,bio,majors,room_number,residence_hall_id
1,1,Elizabeth,Petty,elizabeth.petty1@my.msutexas.edu,M51536344111,,2025-04-20 11:46:20.314907,2025-04-20 11:46:20.314915,37,Female,"Officer risk quality. Throughout no design. Again sing evidence unit life.
And threat agent radio specific certainly add. Treatment particularly bring five draw. Election yeah probably cold.",Computer Science,,
2,2,Briana,Jones,briana.jones2@my.msutexas.edu,M96976139222,,2025-04-20 11:46:20.315898,2025-04-20 11:46:20.315902,31,Female,"City personal hold develop store way power. Police day room community at put factor.
Large cup crime help edge. Include similar purpose impact nation stuff mouth.",Education,,
3,3,Michael,Turner,michael.turner3@my.msutexas.edu,M80602838333,,2025-04-20 11:46:20.316321,2025-04-20 11:46:20.316323,29,Female,"Easy chair form scientist. Bit which feeling future power performance understand. War leg question part.
Cold scene note team.
Billion seat nothing economy it Mr.",Engineering,,
4,4,Pamela,Gonzalez,pamela.gonzalez4@my.msutexas.edu,M18604599444,,2025-04-20 11:46:20.316707,2025-04-20 11:46:20.316709,47,Male,"Human carry early area choose.
Democratic budget else leg enough democratic. Poor dinner tend.",Engineering,,
5,5,Danielle,Hawkins,danielle.hawkins5@my.msutexas.edu,M81049650555,,2025-04-20 11:46:20.317080,2025-04-20 11:46:20.317082,29,Male,"Citizen picture red clear TV news help detail. After local summer rise action just. Bad your against daughter nearly use.
Current traditional interest indeed. Crime former would at example way.",Computer Science,,
6,6,Pamela,Ingram,pamela.ingram6@my.msutexas.edu,M23385213666,,2025-04-20 11:46:20.317579,2025-04-20 11:46:20.317582,18,Other,Recent mission which know we chair. International discover join look unit gun exactly.,Psychology,,
7,7,Manuel,Sanchez,manuel.sanchez7@my.msutexas.edu,M47764592777,,2025-04-20 11:46:20.317946,2025-04-20 11:46:20.317948,39,Other,"Sit Congress quickly science without attack red. Five result author.
Future artist actually senior without shake none song. White week listen perform young.",Engineering,,
8,8,James,Keller,james.keller8@my.msutexas.edu,M24010879888,,2025-04-20 11:46:20.318336,2025-04-20 11:46:20.318337,32,Other,Set firm him animal share buy. Simple become herself stock again send. Without themselves rate piece people unit present.,Engineering,,
9,9,Jessica,Clarke,jessica.clarke9@my.msutexas.edu,M36639818999,,2025-04-20 11:46:20.318691,2025-04-20 11:46:20.318693,26,Other,"Reach usually husband book son century. Low power take way.
Democrat about west better peace collection tell standard. Form for term some guess.",Engineering,,
10,10,Jesse,Ward,jesse.ward10@my.msutexas.edu,M52654201101010,,2025-04-20 11:46:20.319065,2025-04-20 11:46:20.319067,19,Other,"Friend cold loss thing senior. Yes paper the boy network son ago. Clearly wonder fly kid collection brother.
Maybe material experience trial choice. Region current low early wonder ahead.",Psychology,,
11,11,Tiffany,Watson,tiffany.watson11@my.msutexas.edu,M34623528111111,,2025-04-20 11:46:20.319420,2025-04-20 11:46:20.319421,49,Other,"Article team doctor window wife three she. Idea yard hundred according each perhaps throw. Art benefit figure full discuss.
Full name north recognize. Information right example couple against choose.",Psychology,,
12,12,Jennifer,Gonzales,jennifer.gonzales12@my.msutexas.edu,M43568244121212,,2025-04-20 11:46:20.319717,2025-04-20 11:46:20.319719,23,Female,"Imagine kind art agree Mrs day. Catch go old group check better sense.
Forward state against four authority. Lose ball today rise according feel. Story deal old which.",Computer Science,,
13,13,David,Campbell,david.campbell13@my.msutexas.edu,M89530851131313,,2025-04-20 11:46:20.320031,2025-04-20 11:46:20.320032,46,Other,Stand carry could church interesting prepare approach. Our such focus technology prepare sense expect arm. Garden one blue.,Business,,
14,14,John,Farmer,john.farmer14@my.msutexas.edu,M23129589141414,,2025-04-20 11:46:20.320319,2025-04-20 11:46:20.320321,48,Female,"Economy relationship be boy.
Interesting cover author audience language. Animal director popular religious.",Computer Science,,
15,15,Shane,Johnson,shane.johnson15@my.msutexas.edu,M92465411151515,,2025-04-20 11:46:20.320705,2025-04-20 11:46:20.320708,32,Male,"Fly until blue with want full. Next present product someone mission office however.
Father player section. Always assume may who occur wrong develop sell.",Business,,
16,16,Zachary,Garcia,zachary.garcia16@my.msutexas.edu,M87692823161616,,2025-04-20 11:46:20.321054,2025-04-20 11:46:20.321056,29,Female,"Deal military despite subject.
Evidence year learn. Still know pattern expert fine.",Engineering,,
17,17,Patricia,Bass,patricia.bass17@my.msutexas.edu,M81740468171717,,2025-04-20 11:46:20.321347,2025-04-20 11:46:20.321348,28,Female,Itself reveal decade he court thousand. Our decade painting group teach the. What test ready effect care look.,Biology,,
18,18,Allison,Erickson,allison.erickson18@my.msutexas.edu,M52951499181818,,2025-04-20 11:46:20.321633,2025-04-20 11:46:20.321634,48,Female,"Too traditional born put Congress yourself. Factor official last education free mention.
Sort what local hope two put. Because here full most add central how.",Psychology,,
19,19,Amanda,Green,amanda.green19@my.msutexas.edu,M25382944191919,,2025-04-20 11:46:20.321911,2025-04-20 11:46:20.321912,28,Male,"Be option not newspaper eat respond realize. Return do television occur.
Something pretty health believe human player. Per seem expect price home ever. Marriage month left.",Engineering,,
20,20,Laura,Baldwin,laura.baldwin20@my.msutexas.edu,M68310609202020,,2025-04-20 11:46:20.322214,2025-04-20 11:46:20.322216,43,Other,"Five laugh but box color. Bit north image. Foot throw manager different family affect.
Mean middle lead administration represent behind. Election whether three feel still assume them.",Psychology,,
21,21,Charles,Long,charles.long21@my.msutexas.edu,M92692331212121,,2025-04-20 11:46:20.322547,2025-04-20 11:46:20.322549,44,Female,Make age continue law half cover. So quickly morning recently head season million. Matter life agent development high edge question dark.,Education,,
22,22,Debra,Duran,debra.duran22@my.msutexas.edu,M52353492222222,,2025-04-20 11:46:20.322821,2025-04-20 11:46:20.322822,23,Other,"Particularly upon young while. Rock join white.
Let form official leader. Note white military page feeling note approach.
Research season under man.",Education,,
23,23,Michael,Meyer,michael.meyer23@my.msutexas.edu,M61699359232323,,2025-04-20 11:46:20.323120,2025-04-20 11:46:20.323122,31,Female,Half station to after and popular so. Rate process common party sure art after. Hot pressure a happen article entire dinner out.,Computer Science,,
24,24,Amanda,Jackson,amanda.jackson24@my.msutexas.edu,M73011216242424,,2025-04-20 11:46:20.323449,2025-04-20 11:46:20.323452,47,Female,"Authority keep sister a popular school. Maybe stage account choice open.
Go pick your clearly story. Sea job time girl. Result actually painting during production.",Computer Science,,
25,25,Jennifer,Matthews,jennifer.matthews25@my.msutexas.edu,M14734757252525,,2025-04-20 11:46:20.323781,2025-04-20 11:46:20.323783,35,Female,"Seat he glass drug main. Media account provide.
Billion church beat. Form future sound watch.",Psychology,,
26,26,Ryan,Wallace,ryan.wallace26@my.msutexas.edu,M30100083262626,,2025-04-20 11:46:20.324081,2025-04-20 11:46:20.324082,38,Other,"Executive you some add them leg. Discuss miss worry hand. Religious decade fact eye.
Process girl wait nothing southern site.",Biology,,
27,27,Bianca,Johnson,bianca.johnson27@my.msutexas.edu,M10427357272727,,2025-04-20 11:46:20.324379,2025-04-20 11:46:20.324380,30,Other,Form result action everybody sense health. Medical sing turn teacher field. Pay music form human place wife. Building beat drop manage cost.,Biology,,
28,28,Andrew,Porter,andrew.porter28@my.msutexas.edu,M50760164282828,,2025-04-20 11:46:20.324660,2025-04-20 11:46:20.324661,36,Male,"Least crime pretty nearly still.
Last it act relationship food red. Film method opportunity research decade. Green protect various play federal to back. Girl begin number garden PM.",Psychology,,
29,29,Tom,Mercer,tom.mercer29@my.msutexas.edu,M90596424292929,,2025-04-20 11:46:20.324991,2025-04-20 11:46:20.324993,18,Female,"Author call large treat modern. Writer camera lose month he.
Police enough fall couple yeah man. Laugh your nothing painting half risk charge.",Business,,
30,30,Isaiah,Browning,isaiah.browning30@my.msutexas.edu,M38004777303030,,2025-04-20 11:46:20.325277,2025-04-20 11:46:20.325278,43,Female,"View admit west chair. Sometimes together former pull TV large. Along start right operation worry significant.
Effort add activity good only. Say the stand story once.",Biology,,
31,31,Brian,Jones,brian.jones31@my.msutexas.edu,M57725053313131,,2025-04-20 11:46:20.325610,2025-04-20 11:46:20.325612,35,Female,"At friend follow area laugh my ground.
Top bar small let. Draw my back exist. Check clear note reach think.",Business,,
32,32,Rebecca,Moore,rebecca.moore32@my.msutexas.edu,M71087859323232,,2025-04-20 11:46:20.325902,2025-04-20 11:46:20.325904,60,Female,"Night oil find I weight project Democrat win. Relationship participant focus factor agency discuss relationship.
Power network within try similar owner. Develop my east along avoid.",Education,,
33,33,Jeremy,Banks,jeremy.banks33@my.msutexas.edu,M20998722333333,,2025-04-20 11:46:20.326187,2025-04-20 11:46:20.326188,42,Other,"Share from difference wonder rock choose. Religious with claim home fear drop kind.
When try practice financial order majority area ten. Argue more per peace no explain.",Education,,
34,34,Aaron,Smith,aaron.smith34@my.msutexas.edu,M55265476343434,,2025-04-20 11:46:20.326651,2025-04-20 11:46:20.326656,39,Male,"Later fall gun image father cell. Hundred consumer apply bill. Measure join stay under PM.
Assume east water score mean former career. Dinner garden us seat cell away information.",Psychology,,
35,35,Angela,Wolf,angela.wolf35@my.msutexas.edu,M17055527353535,,2025-04-20 11:46:20.327070,2025-04-20 11:46:20.327072,35,Other,"Husband respond mind reason sound. Offer show system work.
Marriage red theory talk it current certain. Identify community source level public Mrs. Store suggest never something all allow.",Business,,
36,36,Dennis,Mason,dennis.mason36@my.msutexas.edu,M52178432363636,,2025-04-20 11:46:20.327403,2025-04-20 11:46:20.327404,41,Other,"Whether state later benefit. Every increase heart organization recent range.
Past call stuff authority matter. Protect spend trip think stand ever bank.",Education,,
37,37,Alexander,Clark,alexander.clark37@my.msutexas.edu,M16672851373737,,2025-04-20 11:46:20.327654,2025-04-20 11:46:20.327655,18,Male,"Billion million above back heart. Space good federal war sing true more response. Within service we child.
Chance hard reveal. Become enjoy range plant civil high.",Business,,
38,38,Thomas,Garcia,thomas.garcia38@my.msutexas.edu,M97890152383838,,2025-04-20 11:46:20.327925,2025-04-20 11:46:20.327926,60,Male,"Window win growth build end. Guy certain discover wife southern.
Anyone realize protect. Pretty keep president decide suffer explain affect.",Education,,
39,39,Jason,Joseph,jason.joseph39@my.msutexas.edu,M37666420393939,,2025-04-20 11:46:20.328181,2025-04-20 11:46:20.328182,55,Other,Street not sure name final deep. Rate best local feeling. Feel act movement community stay enough entire.,Business,,
40,40,Denise,Cook,denise.cook40@my.msutexas.edu,M46220187404040,,2025-04-20 11:46:20.328429,2025-04-20 11:46:20.328430,51,Other,"Bank finally nation also police recently. Sometimes perform garden artist.
Science student democratic should party. Run act teacher approach law church wear.",Computer Science,,
41,41,Karen,Watts,karen.watts41@my.msutexas.edu,M15286493414141,,2025-04-20 11:46:20.328712,2025-04-20 11:46:20.328713,27,Other,"Reveal and compare popular sense mission out. Sign expect method ask even. Whatever morning ready agent officer.
Authority first finally above firm step.",Psychology,,
42,42,Rhonda,Mills,rhonda.mills42@my.msutexas.edu,M60970820424242,,2025-04-20 11:46:20.328979,2025-04-20 11:46:20.328980,48,Other,Away since white federal dream wind tree. Free notice leave. Style news without subject act product know.,Psychology,,
43,43,Jacqueline,Gates,jacqueline.gates43@my.msutexas.edu,M93742616434343,,2025-04-20 11:46:20.329226,2025-04-20 11:46:20.329227,55,Other,Back natural somebody never drive piece shoulder consumer. Street head other member along a. Eye everything particular special ball sense.,Education,,
44,44,Jonathan,Smith,jonathan.smith44@my.msutexas.edu,M75963538444444,,2025-04-20 11:46:20.329460,2025-04-20 11:46:20.329461,20,Female,"Movie record keep.
Down one unit indeed difficult travel. Employee close region economic.
Begin through property fast. Address teach smile black side. Article almost marriage authority open rest.",Engineering,,
45,45,Victoria,Pearson,victoria.pearson45@my.msutexas.edu,M20176094454545,,2025-04-20 11:46:20.329743,2025-04-20 11:46:20.329744,21,Male,"Whole see citizen lose development full somebody. Big task force will.
Station both yes more young nearly. Relationship million on question reflect.",Computer Science,,
46,46,Justin,Schneider,justin.schneider46@my.msutexas.edu,M78658716464646,,2025-04-20 11:46:20.330000,2025-04-20 11:46:20.330001,55,Male,"Public appear live. Site score Mrs agree. Dinner administration color machine.
Reach top help read they perhaps contain daughter. Early stop painting nearly but election.",Computer Science,,
47,47,Timothy,Harvey,timothy.harvey47@my.msutexas.edu,M42215121474747,,2025-04-20 11:46:20.330255,2025-04-20 11:46:20.330256,46,Other,"After improve PM.
Hour watch concern that bring board. By should former choice.
People practice across interesting couple three. Heavy city financial market positive safe tend.",Psychology,,
48,48,Tony,Brady,tony.brady48@my.msutexas.edu,M51557844484848,,2025-04-20 11:46:20.330511,2025-04-20 11:46:20.330512,43,Other,"Eight tend set central Democrat. Forward better development daughter message.
Production quality break last. Beat western fact speak may. Season through that financial create.",Biology,,
49,49,Melissa,Brown,melissa.brown49@my.msutexas.edu,M21692280494949,,2025-04-20 11:46:20.330776,2025-04-20 11:46:20.330777,33,Male,Office technology go with. Treatment idea painting including four avoid.,Business,,
50,50,Tammy,Sanford,tammy.sanford50@my.msutexas.edu,M52765213505050,,2025-04-20 11:46:20.331018,2025-04-20 11:46:20.331019,40,Male,There data actually book professional present realize. Rock today majority live begin assume wind.,Education,,
51,51,Beverly,Mckay,beverly.mckay51@my.msutexas.edu,M92450585515151,,2025-04-20 11:46:20.331250,2025-04-20 11:46:20.331251,41,Female,Town opportunity speak establish sometimes behind left. Walk fire big dream site while. Project space charge serious leg admit up nature. Ground energy forget ok.,Engineering,,
52,52,John,Stevens,john.stevens52@my.msutexas.edu,M60416208525252,,2025-04-20 11:46:20.331500,2025-04-20 11:46:20.331501,45,Other,Bed necessary should clearly ten than development. Study be some why. Single the audience table act.,Education,,
53,53,Trevor,Barker,trevor.barker53@my.msutexas.edu,M30410252535353,,2025-04-20 11:46:20.331732,2025-04-20 11:46:20.331733,24,Female,Heart experience fire next pay. Run here admit trade recently. Matter race itself picture my direction. Now area magazine myself production view.,Biology,,
54,54,Donna,Knapp,donna.knapp54@my.msutexas.edu,M12121229545454,,2025-04-20 11:46:20.331990,2025-04-20 11:46:20.331991,37,Male,"Help every art matter economy. Movement enter sit. Test ahead drive indeed.
Available arm least movie. Partner shoulder listen play fact which bag. Girl exactly myself so.",Computer Science,,
55,55,David,Wells,david.wells55@my.msutexas.edu,M47954225555555,,2025-04-20 11:46:20.332310,2025-04-20 11:46:20.332312,19,Other,"Ball human trade take eight feel trade human. How never expert couple.
Music record why character. Run couple business also this reduce less owner. Rest my from already do white appear very.",Business,,
56,56,Shawn,Cooper,shawn.cooper56@my.msutexas.edu,M60697896565656,,2025-04-20 11:46:20.332605,2025-04-20 11:46:20.332607,54,Other,Industry author left factor year. Learn foot reflect view small TV. Education plant they federal three fall long. Range listen ability she between beyond parent.,Business,,
57,57,Michelle,Whitaker,michelle.whitaker57@my.msutexas.edu,M36246840575757,,2025-04-20 11:46:20.332855,2025-04-20 11:46:20.332856,23,Female,"Trial economic recognize economic. Listen sense kind difficult few.
Make safe happy teach wonder ahead better. Remain finish show garden mind. Lot add protect industry.",Biology,,
58,58,Alexandra,Jones,alexandra.jones58@my.msutexas.edu,M57401136585858,,2025-04-20 11:46:20.333123,2025-04-20 11:46:20.333124,30,Other,"Grow consider course particularly well.
Personal bring high look. Respond forward place fall economic feeling dog.",Biology,,
59,59,Alfred,Diaz,alfred.diaz59@my.msutexas.edu,M70800273595959,,2025-04-20 11:46:20.333371,2025-04-20 11:46:20.333372,53,Male,"Not stage oil my nature reflect executive. Paper begin own. Agree support there big tonight.
Concern most never animal everybody. Body notice do laugh his political.",Education,,
60,60,David,Warren,david.warren60@my.msutexas.edu,M88688154606060,,2025-04-20 11:46:20.333654,2025-04-20 11:46:20.333655,40,Male,"Despite least catch until. Wonder beat reach reach from. School opportunity of shake door fish. Develop government trade student major card.
Myself dark husband free.",Business,,
61,61,Christopher,Gonzales,christopher.gonzales61@my.msutexas.edu,M33938449616161,,2025-04-20 11:46:20.333923,2025-04-20 11:46:20.333924,31,Female,College expect light structure anyone. Half American what policy. Rock staff point reason throughout past sort race.,Psychology,,
62,62,Jessica,Johnson,jessica.johnson62@my.msutexas.edu,M92676789626262,,2025-04-20 11:46:20.334170,2025-04-20 11:46:20.334172,32,Other,"Until sell training history store. Still return family. Poor whatever address stuff age.
Party certainly yet. Watch public behind give. While tonight happen firm poor.",Psychology,,
63,63,Katrina,Bryant,katrina.bryant63@my.msutexas.edu,M51904326636363,,2025-04-20 11:46:20.334446,2025-04-20 11:46:20.334447,18,Male,Anyone test certainly reach age. Nation kitchen effort should study various.,Business,,
64,64,Alexandra,Garner,alexandra.garner64@my.msutexas.edu,M32306264646464,,2025-04-20 11:46:20.334686,2025-04-20 11:46:20.334687,43,Other,"Program job edge movie forget. Century first name reach happy give fire.
Life poor environment team five security agent. Up tax color finally. Cold gun down evening player.",Biology,,
65,65,Vicki,Mckinney,vicki.mckinney65@my.msutexas.edu,M32181216656565,,2025-04-20 11:46:20.334951,2025-04-20 11:46:20.334952,22,Female,"Few product not however. Guess nothing fast north. Month with attorney eat sell.
Some team agent war center performance.",Engineering,,
66,66,Teresa,Shah,teresa.shah66@my.msutexas.edu,M17570637666666,,2025-04-20 11:46:20.335206,2025-04-20 11:46:20.335207,33,Male,"Ever administration view. Hour involve result sister.
I station personal I. Shoulder same to mission let low them.",Education,,
67,67,Kara,Wilson,kara.wilson67@my.msutexas.edu,M39449242676767,,2025-04-20 11:46:20.335460,2025-04-20 11:46:20.335461,23,Other,Behind television fire every drug. Help president name different our those. None understand despite successful.,Education,,
68,68,Briana,Willis,briana.willis68@my.msutexas.edu,M64799235686868,,2025-04-20 11:46:20.335692,2025-04-20 11:46:20.335693,50,Female,"Local get coach much decide effect. Administration fly message kitchen.
Sound parent view keep up. Many increase generation. Include cover also just career.",Computer Science,,
69,69,Alex,Johnson,alex.johnson69@my.msutexas.edu,M27563226696969,,2025-04-20 11:46:20.335970,2025-04-20 11:46:20.335971,46,Female,"From drop certain direction identify. Else animal once become. Range from bill market bar.
Such feeling air international. Population hear game possible yard most. Walk whose wide way next PM.",Business,,
70,70,Kyle,Beck,kyle.beck70@my.msutexas.edu,M39311911707070,,2025-04-20 11:46:20.336244,2025-04-20 11:46:20.336245,41,Other,"Subject seek into from.
Bad thank Mrs argue series. Safe design collection various interest positive. Apply national decade east.",Engineering,,
71,71,Kara,Garcia,kara.garcia71@my.msutexas.edu,M51602156717171,,2025-04-20 11:46:20.336519,2025-04-20 11:46:20.336521,32,Female,Voice goal teacher ten. Easy truth ready bring perform Congress man economy.,Computer Science,,
72,72,Joe,Davis,joe.davis72@my.msutexas.edu,M97950926727272,,2025-04-20 11:46:20.336766,2025-04-20 11:46:20.336767,56,Other,"International main amount dark. Remember plant relationship spend baby system ago during.
Degree consider southern feeling company fast fish. Go through can artist per. Instead war less agreement.",Computer Science,,
73,73,Brittany,Jones,brittany.jones73@my.msutexas.edu,M11586445737373,,2025-04-20 11:46:20.337041,2025-04-20 11:46:20.337042,54,Other,"Still according rise all order begin education. Recognize until up fly here.
Into after bill partner election care. Player improve better. Toward property place born mission. With wrong process care.",Computer Science,,
74,74,Charles,Young,charles.young74@my.msutexas.edu,M48416863747474,,2025-04-20 11:46:20.337332,2025-04-20 11:46:20.337333,18,Female,Value must nation size work bring. Direction travel hair student. Marriage without risk success boy fall.,Psychology,,
75,75,Katie,Anderson,katie.anderson75@my.msutexas.edu,M33003027757575,,2025-04-20 11:46:20.337630,2025-04-20 11:46:20.337631,31,Other,Where wonder whatever science heavy claim. Main development Democrat administration something. Just order court forget under certain. Head success art learn stock.,Education,,
76,76,Christian,Duncan,christian.duncan76@my.msutexas.edu,M78339583767676,,2025-04-20 11:46:20.337887,2025-04-20 11:46:20.337888,58,Female,What black fly. Time back ground particular buy floor popular. Another feeling just include world win.,Psychology,,
77,77,Christine,Wilson,christine.wilson77@my.msutexas.edu,M19469955777777,,2025-04-20 11:46:20.338146,2025-04-20 11:46:20.338147,31,Female,"Wonder seek career in care. Computer guess year practice sea time teacher.
Skill image win home remain where already. Person fact firm standard paper watch seven. Indicate purpose trip become east.",Psychology,,
78,78,Mark,Terry,mark.terry78@my.msutexas.edu,M51078055787878,,2025-04-20 11:46:20.338415,2025-04-20 11:46:20.338417,53,Male,"Economy family cost third above along. Bar dark technology all perhaps.
High coach wife. Strategy yet prepare throughout available five make. Become soon hear story a.",Psychology,,
79,79,Eric,Wagner,eric.wagner79@my.msutexas.edu,M35181849797979,,2025-04-20 11:46:20.338681,2025-04-20 11:46:20.338682,50,Other,Action thus century. Represent difference get answer. Partner structure action with second way.,Business,,
80,80,Yesenia,Weaver,yesenia.weaver80@my.msutexas.edu,M37317998808080,,2025-04-20 11:46:20.338923,2025-04-20 11:46:20.338925,39,Other,Like cause weight like reason. Herself against field teacher. Range reflect between option player amount successful hope. Stuff middle push professional.,Biology,,
81,81,Jennifer,Braun,jennifer.braun81@my.msutexas.edu,M41812118818181,,2025-04-20 11:46:20.339165,2025-04-20 11:46:20.339166,31,Female,"Property society light in management.
Result himself issue Republican consumer star. Huge article suddenly up.",Engineering,,
82,82,Kevin,Guzman,kevin.guzman82@my.msutexas.edu,M90740681828282,,2025-04-20 11:46:20.339420,2025-04-20 11:46:20.339421,56,Other,"Central concern business end term president. Page health attention through analysis let check.
Machine pattern sound save edge operation. Size area fear human. Cause eye today put physical.",Biology,,
83,83,Donald,Cox,donald.cox83@my.msutexas.edu,M17756568838383,,2025-04-20 11:46:20.339675,2025-04-20 11:46:20.339676,37,Male,"High card last perform. Event everything collection red feel hear.
Represent despite according begin cut top clear chance.
Prevent baby fly learn garden. Idea whom return explain level eight upon.",Psychology,,
84,84,John,Mccoy,john.mccoy84@my.msutexas.edu,M14445334848484,,2025-04-20 11:46:20.339933,2025-04-20 11:46:20.339934,37,Female,"Serve officer space later pretty. Center maintain about.
Data image just fish choice personal upon. Also however explain statement worker.",Biology,,
85,85,Jim,Harris,jim.harris85@my.msutexas.edu,M80035560858585,,2025-04-20 11:46:20.340188,2025-04-20 11:46:20.340189,58,Other,"Those between rise point community person baby various.
Whose add tough speak real expert. Perform politics case institution.",Biology,,
86,86,Andrew,Griffin,andrew.griffin86@my.msutexas.edu,M92652056868686,,2025-04-20 11:46:20.340433,2025-04-20 11:46:20.340434,60,Female,"Improve thousand sell court turn break. Process name phone team fact.
Black join seem site seat. Style buy step deep.",Biology,,
87,87,Daniel,Warner,daniel.warner87@my.msutexas.edu,M20205318878787,,2025-04-20 11:46:20.340677,2025-04-20 11:46:20.340678,36,Male,"Machine nearly inside major strategy suffer card.
Play radio another. It fish clear seek. Right occur talk chair front still.",Education,,
88,88,Mary,Cuevas,mary.cuevas88@my.msutexas.edu,M77847512888888,,2025-04-20 11:46:20.340939,2025-04-20 11:46:20.340940,26,Female,"Recognize return they form. Over might cup true market reality ball. Author summer our meeting real water up.
Travel type second feel wall time. Each power why structure maintain rise exactly.",Business,,
89,89,Carl,Galvan,carl.galvan89@my.msutexas.edu,M53544414898989,,2025-04-20 11:46:20.341205,2025-04-20 11:46:20.341206,46,Male,Spring song simple kitchen. Fast save series exactly become left. Exist yes boy crime.,Computer Science,,
90,90,Barbara,Moore,barbara.moore90@my.msutexas.edu,M70026761909090,,2025-04-20 11:46:20.341455,2025-04-20 11:46:20.341456,35,Female,"Cultural thought amount together trade. Eat small side represent each group draw question.
About man crime Democrat class. Material despite city boy great test create.",Psychology,,
91,91,Jacqueline,Wagner,jacqueline.wagner91@my.msutexas.edu,M66605262919191,,2025-04-20 11:46:20.341706,2025-04-20 11:46:20.341707,43,Female,Kitchen anyone hot development always rather community social. Deep away different reason nation second travel. Smile model another maybe discussion machine church.,Psychology,,
92,92,Richard,Casey,richard.casey92@my.msutexas.edu,M26694217929292,,2025-04-20 11:46:20.341955,2025-04-20 11:46:20.341956,47,Male,"By point describe oil tax thank. Others choose bar most movie.
So charge law thank shake agent. Doctor hear rich blood determine.",Engineering,,
93,93,Emily,Chavez,emily.chavez93@my.msutexas.edu,M93693281939393,,2025-04-20 11:46:20.342211,2025-04-20 11:46:20.342212,22,Female,Can fight out raise hospital letter fish. Level test increase society. Doctor raise pass organization day. Customer ago quality style.,Biology,,
94,94,Samantha,Potts,samantha.potts94@my.msutexas.edu,M86698784949494,,2025-04-20 11:46:20.342550,2025-04-20 11:46:20.342552,27,Female,"Eat say media law good. Instead during enter pick follow.
Oil watch dog prove. Low no treat thus.
Gas society pull writer me hard. Require since factor matter customer nor. Fund risk conference.",Computer Science,,
95,95,Kaylee,Larson,kaylee.larson95@my.msutexas.edu,M21969653959595,,2025-04-20 11:46:20.342858,2025-04-20 11:46:20.342859,30,Other,"So plan cell yet something various quite its. Again remain statement gas not behavior.
Maybe push add open.
Behind table series since shoulder huge debate above. Doctor stuff market official.",Business,,
96,96,Rebecca,Gardner,rebecca.gardner96@my.msutexas.edu,M97080751969696,,2025-04-20 11:46:20.343131,2025-04-20 11:46:20.343132,30,Male,See sport box important detail safe individual. Trip what late couple thank simple leg store. Question inside decade someone sit whatever force.,Biology,,
97,97,Shannon,Hill,shannon.hill97@my.msutexas.edu,M20484666979797,,2025-04-20 11:46:20.343365,2025-04-20 11:46:20.343366,21,Female,"Amount expert list many Mr reduce. People according since. They right question only even.
Ball benefit tend speech include worry. Month personal such energy anyone blood short chance.",Education,,
98,98,Sylvia,Hughes,sylvia.hughes98@my.msutexas.edu,M27431485989898,,2025-04-20 11:46:20.343620,2025-04-20 11:46:20.343621,35,Female,"Than indeed others toward. Spring cut maybe government man recently cover. Care cultural involve what try white.
Personal just yes yard. Buy stand drug threat class hot involve.",Psychology,,
99,99,Michele,Martin,michele.martin99@my.msutexas.edu,M25500653999999,,2025-04-20 11:46:20.343888,2025-04-20 11:46:20.343889,32,Female,Clear increase including whatever popular family. Reduce send organization life. Size yard factor against along.,Biology,,
100,100,Mathew,Edwards,mathew.edwards100@my.msutexas.edu,M84036137100100100,,2025-04-20 11:46:20.344131,2025-04-20 11:46:20.344132,53,Female,"Way newspaper write leave white environment sure deal. Two economy officer.
Grow general begin piece. Mission paper able hope time again marriage.",Engineering,,
101,101,Brian,Greene,brian.greene101@my.msutexas.edu,M89582885101101101,,2025-04-20 11:46:20.344373,2025-04-20 11:46:20.344374,32,Female,"Identify because single. Decade while investment exactly. Structure strong arm social toward girl look remember.
Design use threat.",Computer Science,,
102,102,Christopher,Wade,christopher.wade102@my.msutexas.edu,M71170498102102102,,2025-04-20 11:46:20.344619,2025-04-20 11:46:20.344620,59,Other,Real my walk break despite care Democrat. Build writer home contain provide today. Community artist cold camera.,Biology,,
103,103,Joshua,Brooks,joshua.brooks103@my.msutexas.edu,M58332213103103103,,2025-04-20 11:46:20.344861,2025-04-20 11:46:20.344862,48,Female,Score safe right parent carry happy how. Single way nearly happen.,Education,,
104,104,Ronald,Horton,ronald.horton104@my.msutexas.edu,M56063388104104104,,2025-04-20 11:46:20.345109,2025-04-20 11:46:20.345110,25,Female,"Soldier news ten. Range relate wonder other spend teach.
Certainly personal back difference nature. Mrs three direction occur fine memory mean PM.",Education,,
105,105,Carol,Rivera,carol.rivera105@my.msutexas.edu,M24112184105105105,,2025-04-20 11:46:20.345360,2025-04-20 11:46:20.345361,49,Male,Near since manage take cold. Sometimes election phone together Republican weight apply. Describe leader interview pressure culture study.,Psychology,,
106,106,Diane,Bishop,diane.bishop106@my.msutexas.edu,M63324467106106106,,2025-04-20 11:46:20.345602,2025-04-20 11:46:20.345603,21,Male,"Minute piece save soldier because step meeting. Us hotel get run travel alone dog.
Defense turn democratic green. That education research quickly hit course. Public value product trial.",Education,,
107,107,Shannon,Miller,shannon.miller107@my.msutexas.edu,M46381776107107107,,2025-04-20 11:46:20.345848,2025-04-20 11:46:20.345849,39,Other,Throughout range father until picture kitchen. Ahead successful able simple four. Morning performance sport expect ball.,Business,,
108,108,Shannon,Collins,shannon.collins108@my.msutexas.edu,M73657447108108108,,2025-04-20 11:46:20.346089,2025-04-20 11:46:20.346090,60,Female,Space officer room him. Board project tough road few cut feel and. Sort hour military change.,Psychology,,
109,109,Emily,Green,emily.green109@my.msutexas.edu,M55882920109109109,,2025-04-20 11:46:20.346330,2025-04-20 11:46:20.346331,45,Male,News citizen sing run able. Organization speech reason possible mouth.,Biology,,
110,110,Tara,Mullins,tara.mullins110@my.msutexas.edu,M40975152110110110,,2025-04-20 11:46:20.346579,2025-04-20 11:46:20.346580,43,Female,Near board detail music job including serve because. Key read music account image. Five bit production girl line look another. Way moment sing fine student leader.,Education,,
111,111,Sharon,Fisher,sharon.fisher111@my.msutexas.edu,M27261959111111111,,2025-04-20 11:46:20.346833,2025-04-20 11:46:20.346834,42,Male,"Fast food claim treatment through determine. Itself war beyond manager. Hospital go organization point action mean speak hotel.
Another bad ground bag. Blue center note girl age.",Education,,
112,112,Kelly,Shah,kelly.shah112@my.msutexas.edu,M52927870112112112,,2025-04-20 11:46:20.347087,2025-04-20 11:46:20.347088,18,Other,"Mean everything growth national because. Outside charge parent affect serve.
Tough realize down beyond alone.",Education,,
113,113,Stephanie,Smith,stephanie.smith113@my.msutexas.edu,M37676903113113113,,2025-04-20 11:46:20.347328,2025-04-20 11:46:20.347329,29,Female,Food specific my purpose late those. Like possible sit either above building thousand.,Business,,
114,114,Cynthia,Morgan,cynthia.morgan114@my.msutexas.edu,M69885821114114114,,2025-04-20 11:46:20.347559,2025-04-20 11:46:20.347560,38,Other,Idea stand shoulder impact lead throughout friend. Within growth purpose down value foreign hair man. Church citizen manager subject artist attack best.,Education,,
115,115,Jackson,Ellis,jackson.ellis115@my.msutexas.edu,M53352341115115115,,2025-04-20 11:46:20.347805,2025-04-20 11:46:20.347806,54,Male,Whole enough opportunity information country matter method. Serious computer pay window common to because.,Psychology,,
116,116,Angel,Melendez,angel.melendez116@my.msutexas.edu,M51010367116116116,,2025-04-20 11:46:20.348038,2025-04-20 11:46:20.348039,22,Female,Maintain up price behavior red third fast. Factor worker factor account chair find simply.,Psychology,,
117,117,Alicia,Dixon,alicia.dixon117@my.msutexas.edu,M68648829117117117,,2025-04-20 11:46:20.348280,2025-04-20 11:46:20.348281,21,Male,Director address investment probably again. Expert Republican still rate need majority. Interest office single security meet center.,Education,,
118,118,Vanessa,Crane,vanessa.crane118@my.msutexas.edu,M64698412118118118,,2025-04-20 11:46:20.348535,2025-04-20 11:46:20.348536,43,Female,"Top result attack enjoy guy either fire. Huge specific own realize.
Hold sound two this plant notice. Camera power make color activity sign.",Engineering,,
119,119,Daryl,Johnson,daryl.johnson119@my.msutexas.edu,M18187608119119119,,2025-04-20 11:46:20.348831,2025-04-20 11:46:20.348833,43,Other,"Specific operation order then moment. Face stuff late form modern move.
Real brother rich ground create can politics. By though according agreement prove difference parent. Case why five.",Psychology,,
120,120,Amy,Rivera,amy.rivera120@my.msutexas.edu,M41794289120120120,,2025-04-20 11:46:20.349142,2025-04-20 11:46:20.349144,43,Male,"You push receive herself. Issue arm special goal support cup all. Everyone second never low opportunity.
List this fire special.",Business,,
121,121,Stephanie,Gilbert,stephanie.gilbert121@my.msutexas.edu,M14948184121121121,,2025-04-20 11:46:20.349425,2025-04-20 11:46:20.349426,36,Male,"Yourself product number last. Born beautiful who pattern sing century.
Recent though wife position.",Education,,
122,122,Diane,Frederick,diane.frederick122@my.msutexas.edu,M45722675122122122,,2025-04-20 11:46:20.349678,2025-04-20 11:46:20.349680,24,Other,Strategy significant resource onto doctor provide leg. Learn listen very within international gas quickly different. Seven tend state beautiful can popular late.,Psychology,,
123,123,Ethan,Bowen,ethan.bowen123@my.msutexas.edu,M41639310123123123,,2025-04-20 11:46:20.349927,2025-04-20 11:46:20.349928,39,Female,Hand ready professional bank very despite vote similar. Fast also claim space film act compare. Nation remember turn degree nature organization improve.,Engineering,,
124,124,Dwayne,Lewis,dwayne.lewis124@my.msutexas.edu,M19632341124124124,,2025-04-20 11:46:20.350167,2025-04-20 11:46:20.350169,33,Male,Join senior hope free. Important understand main main to who.,Computer Science,,
125,125,Steven,Mays,steven.mays125@my.msutexas.edu,M47537261125125125,,2025-04-20 11:46:20.350413,2025-04-20 11:46:20.350414,41,Other,Country town high build. Yard reduce here help human billion also.,Business,,
126,126,Melissa,Williams,melissa.williams126@my.msutexas.edu,M31551485126126126,,2025-04-20 11:46:20.350663,2025-04-20 11:46:20.350664,34,Female,"Continue group tree water reality animal. Of employee late attention.
Structure still sell standard above. Community around theory reason attack serious similar.",Computer Science,,
127,127,Jonathon,Chandler,jonathon.chandler127@my.msutexas.edu,M52459994127127127,,2025-04-20 11:46:20.350932,2025-04-20 11:46:20.350933,42,Female,"Really Mrs feel leg fill. Say scientist yard short stuff director take.
Figure pay statement forward. Thing film board. Executive significant start expect.",Computer Science,,
128,128,Marvin,Farmer,marvin.farmer128@my.msutexas.edu,M51938184128128128,,2025-04-20 11:46:20.351190,2025-04-20 11:46:20.351191,53,Female,"Bed eye participant build world degree operation. Sit want future yard financial support.
Laugh tend plant expert I order. Environmental federal must evening care.",Business,,
129,129,Rhonda,Williams,rhonda.williams129@my.msutexas.edu,M73824879129129129,,2025-04-20 11:46:20.351453,2025-04-20 11:46:20.351454,23,Other,"Young serve power manage financial short. Thank give she certain write tough.
Energy imagine these live ok. Trial six daughter use. Situation thus give yard visit against. Worry three society short.",Business,,
130,130,Sean,Cannon,sean.cannon130@my.msutexas.edu,M38258500130130130,,2025-04-20 11:46:20.351734,2025-04-20 11:46:20.351736,44,Female,"Soon fall recent or. Whose dark exist student crime evening way president.
Imagine large manager small into. Word them energy add both.",Business,,
131,131,Kenneth,Patterson,kenneth.patterson131@my.msutexas.edu,M80324579131131131,,2025-04-20 11:46:20.351980,2025-04-20 11:46:20.351981,24,Female,"Marriage town ready least memory. Teacher onto past political after determine kind.
Value degree your notice growth end.",Engineering,,
132,132,Catherine,Carr,catherine.carr132@my.msutexas.edu,M31409260132132132,,2025-04-20 11:46:20.352234,2025-04-20 11:46:20.352235,32,Male,"Garden fill player focus.
Lawyer how leader participant often. State travel place industry their political. Air sense leg civil even.",Biology,,
133,133,Tommy,Fitzpatrick,tommy.fitzpatrick133@my.msutexas.edu,M72475114133133133,,2025-04-20 11:46:20.352488,2025-04-20 11:46:20.352489,52,Other,Big their add degree training. Country hold agreement every audience board. World data personal something grow term arrive.,Biology,,
134,134,Adam,Green,adam.green134@my.msutexas.edu,M53689824134134134,,2025-04-20 11:46:20.352722,2025-04-20 11:46:20.352723,49,Female,"Four up hour again address point space. Nothing foot produce reflect.
Fight step enjoy second. Board protect great agent generation small imagine.
Allow end common. Land chance space rich.",Psychology,,
135,135,Jason,Hernandez,jason.hernandez135@my.msutexas.edu,M39423358135135135,,2025-04-20 11:46:20.353015,2025-04-20 11:46:20.353017,60,Female,"Build understand only same consumer. Simply each base it beautiful almost language.
Try possible election. For hundred information place including. Perhaps purpose almost address defense.",Biology,,
136,136,Stacey,Burnett,stacey.burnett136@my.msutexas.edu,M77024296136136136,,2025-04-20 11:46:20.353275,2025-04-20 11:46:20.353276,19,Female,"Tend ground level issue behavior hope them apply. Work serve chair big.
Six gas let. You company expert billion.",Psychology,,
137,137,Amy,Turner,amy.turner137@my.msutexas.edu,M36666382137137137,,2025-04-20 11:46:20.353520,2025-04-20 11:46:20.353521,36,Male,"Offer treatment not teach. Attorney young agent four different other day.
Entire style same magazine feeling best pattern. Hair low day garden against. There happy until despite.",Business,,
138,138,Stephen,Wilkerson,stephen.wilkerson138@my.msutexas.edu,M28554735138138138,,2025-04-20 11:46:20.353786,2025-04-20 11:46:20.353787,20,Female,Fast well no someone. Wonder customer American natural. Hundred firm character recognize. While always goal the life.,Biology,,
139,139,Holly,Cole,holly.cole139@my.msutexas.edu,M26440493139139139,,2025-04-20 11:46:20.354039,2025-04-20 11:46:20.354040,38,Male,"Board trouble part end. Someone vote customer oil name else again. Traditional business lot see you expert.
Much grow since develop hand member him. Great dog red lawyer pattern in once.",Psychology,,
140,140,Joseph,Lane,joseph.lane140@my.msutexas.edu,M64584097140140140,,2025-04-20 11:46:20.354305,2025-04-20 11:46:20.354307,58,Other,"Something long cold court huge painting. Still nice tend discussion from question our. Avoid unit miss away central now drug stand.
Card include community give factor. Which music wish hold.",Biology,,
141,141,Ryan,Holland,ryan.holland141@my.msutexas.edu,M45581764141141141,,2025-04-20 11:46:20.354571,2025-04-20 11:46:20.354572,52,Male,Seven think like difference officer water. Special start attorney home. Tree story leader bank hour. Pull support article movie.,Psychology,,
142,142,Erin,Thomas,erin.thomas142@my.msutexas.edu,M62636729142142142,,2025-04-20 11:46:20.354826,2025-04-20 11:46:20.354827,54,Female,"Seem food prepare likely. Street page role set factor. Quite sea poor natural throw short born.
Serve national participant physical firm plan day. Entire music prevent series author.",Education,,
143,143,Allison,Thompson,allison.thompson143@my.msutexas.edu,M70853596143143143,,2025-04-20 11:46:20.355093,2025-04-20 11:46:20.355094,40,Male,"Note expect evening. Try big enough second financial not. Let natural local card time management young region.
Last address heart thought strong. Less enough computer stop include even to win.",Biology,,
144,144,Jennifer,Jones,jennifer.jones144@my.msutexas.edu,M57382301144144144,,2025-04-20 11:46:20.355347,2025-04-20 11:46:20.355348,57,Male,"Position special design human. Carry next grow consumer.
Girl as thousand management world suddenly. Line ability heart star section entire. Success chair film heavy.",Biology,,
145,145,Anthony,Perry,anthony.perry145@my.msutexas.edu,M53230446145145145,,2025-04-20 11:46:20.355606,2025-04-20 11:46:20.355607,19,Other,"Through see police lawyer else across.
Within capital anything certain sure. Some since charge foot yeah offer. Property give ago never.
Approach one yourself offer go goal. Region push budget.",Business,,
146,146,Erin,Hamilton,erin.hamilton146@my.msutexas.edu,M78606460146146146,,2025-04-20 11:46:20.355885,2025-04-20 11:46:20.355886,23,Male,"Boy reach conference allow end second imagine suddenly. Beautiful event four player research measure dream.
Television man month professor truth. Technology majority situation for.",Biology,,
147,147,Megan,Perry,megan.perry147@my.msutexas.edu,M53810379147147147,,2025-04-20 11:46:20.356148,2025-04-20 11:46:20.356149,19,Female,Film home card determine amount street wall. Deal sometimes how religious around early. Live team color sea maybe thought body.,Psychology,,
148,148,William,Cole,william.cole148@my.msutexas.edu,M31811181148148148,,2025-04-20 11:46:20.356393,2025-04-20 11:46:20.356394,54,Female,Change good doctor appear. Industry soldier hand would store expect. Each man staff thousand production ten write. Society moment former establish several piece.,Business,,
149,149,Derek,Ingram,derek.ingram149@my.msutexas.edu,M26303526149149149,,2025-04-20 11:46:20.356635,2025-04-20 11:46:20.356636,55,Female,Hope education find daughter person everything customer. Meet city gas else western. Start wonder onto enough old.,Computer Science,,
150,150,Julie,Santiago,julie.santiago150@my.msutexas.edu,M95153314150150150,,2025-04-20 11:46:20.356883,2025-04-20 11:46:20.356884,25,Male,"Truth involve others such none. Door fact develop popular arrive act. Why force school herself.
Across imagine collection western really trouble total. Per sound draw. Agree air trip believe enter.",Engineering,,
151,151,Sheri,Weaver,sheri.weaver151@my.msutexas.edu,M51775339151151151,,2025-04-20 11:46:20.357149,2025-04-20 11:46:20.357150,20,Female,Country social red thousand may serious. Second collection even exist. Page discussion rich interesting today capital. Contain avoid history especially image.,Biology,,
152,152,Wesley,Hoover,wesley.hoover152@my.msutexas.edu,M47963616152152152,,2025-04-20 11:46:20.357394,2025-04-20 11:46:20.357395,40,Female,"Dream heart there. Describe world often kid industry per.
Result create business any table open. Feeling much team summer heart your grow.",Business,,
153,153,Raymond,Bowers,raymond.bowers153@my.msutexas.edu,M83780804153153153,,2025-04-20 11:46:20.357663,2025-04-20 11:46:20.357664,29,Male,"State thank lot firm. Role management medical full college benefit. Personal he ahead fine.
Commercial sell PM shoulder wish ok. Serve part player under dream.",Psychology,,
154,154,Brittany,Adams,brittany.adams154@my.msutexas.edu,M35795158154154154,,2025-04-20 11:46:20.357943,2025-04-20 11:46:20.357944,58,Male,"Could wife remain popular goal begin PM. Lead system community red building water option.
Usually career production away realize significant goal. Media within any network.",Computer Science,,
155,155,Madison,Melton,madison.melton155@my.msutexas.edu,M61583894155155155,,2025-04-20 11:46:20.358192,2025-04-20 11:46:20.358193,47,Other,"Positive surface purpose his born city expert. Total and low least goal card lead.
Meet do test itself. Edge north physical majority hospital both street.
Ahead cold deep those research plant.",Computer Science,,
156,156,David,Henson,david.henson156@my.msutexas.edu,M80784431156156156,,2025-04-20 11:46:20.358439,2025-04-20 11:46:20.358440,42,Male,Officer modern seem unit daughter operation. Arrive floor within avoid admit sense ok. Mission increase out him participant occur.,Biology,,
157,157,Danny,Taylor,danny.taylor157@my.msutexas.edu,M19180907157157157,,2025-04-20 11:46:20.358670,2025-04-20 11:46:20.358671,54,Other,Interesting president find. Provide member sit. Between sit six new shake.,Biology,,
158,158,Johnny,Smith,johnny.smith158@my.msutexas.edu,M85391366158158158,,2025-04-20 11:46:20.358920,2025-04-20 11:46:20.358921,39,Male,"Establish middle pick little result stage cold.
Result pull media offer. North consumer can sort model receive.",Computer Science,,
159,159,Edward,Huff,edward.huff159@my.msutexas.edu,M61877877159159159,,2025-04-20 11:46:20.359165,2025-04-20 11:46:20.359167,41,Other,"System dinner serve. Heart budget left chair fear.
Book write back mission toward easy. Field already to theory different kid.
Who detail power pass scientist.",Education,,
160,160,Cindy,Payne,cindy.payne160@my.msutexas.edu,M62193022160160160,,2025-04-20 11:46:20.359424,2025-04-20 11:46:20.359425,38,Male,Some administration every ten property cost science. Decade democratic who ever out fish benefit course. Lay yourself choose. Up account plan toward close.,Engineering,,
161,161,Jennifer,Garrett,jennifer.garrett161@my.msutexas.edu,M85270607161161161,,2025-04-20 11:46:20.359680,2025-04-20 11:46:20.359681,21,Other,Mind like still federal attention he method. Market may speech computer prove suggest personal. Imagine happy employee if American political.,Psychology,,
162,162,Jeff,Martinez,jeff.martinez162@my.msutexas.edu,M20168051162162162,,2025-04-20 11:46:20.359924,2025-04-20 11:46:20.359925,52,Male,Interest sit apply strategy. Accept describe road food style realize. Similar reduce dog something human care road.,Computer Science,,
163,163,William,Richards,william.richards163@my.msutexas.edu,M45731024163163163,,2025-04-20 11:46:20.360154,2025-04-20 11:46:20.360155,52,Other,"She keep real far good eight.
Six official we media news leave. Indeed garden event religious same carry. Not expert husband mean anything.
Ten send behavior finish over. Agent history along word.",Business,,
164,164,Eugene,Lee,eugene.lee164@my.msutexas.edu,M91742212164164164,,2025-04-20 11:46:20.360412,2025-04-20 11:46:20.360413,36,Female,"Industry guess method. Down share easy upon time actually century former.
Couple school usually senior nature.",Biology,,
165,165,Timothy,Gilbert,timothy.gilbert165@my.msutexas.edu,M30570454165165165,,2025-04-20 11:46:20.360664,2025-04-20 11:46:20.360665,33,Female,"Design fire hope safe candidate sense husband suggest.
Minute least sense really. Eight sort anyone forget. Most reality artist I.
Old truth cell focus space view clear. Music describe open special.",Computer Science,,
166,166,Paul,Wong,paul.wong166@my.msutexas.edu,M48355875166166166,,2025-04-20 11:46:20.360929,2025-04-20 11:46:20.360930,53,Female,"Type hit local member. Garden edge possible. Yes popular almost place.
Kitchen news threat along. Hair happy year fund.",Psychology,,
167,167,Keith,Davis,keith.davis167@my.msutexas.edu,M12901471167167167,,2025-04-20 11:46:20.361191,2025-04-20 11:46:20.361192,49,Other,"Four car back individual where explain last. Station our middle skill public. Billion seven recently.
Draw list exist Democrat. Camera safe myself trip story rate break.",Engineering,,
168,168,Kevin,Sanders,kevin.sanders168@my.msutexas.edu,M74861575168168168,,2025-04-20 11:46:20.361462,2025-04-20 11:46:20.361463,32,Female,"College audience arm establish carry true. Identify crime successful condition station one whether likely.
Against dark television fight. Glass challenge down without.",Business,,
169,169,Deborah,Porter,deborah.porter169@my.msutexas.edu,M22594881169169169,,2025-04-20 11:46:20.361872,2025-04-20 11:46:20.361875,33,Other,Reason read would finally author there education. American mind light above this produce. Wall culture community agent issue.,Biology,,
170,170,Mary,Tran,mary.tran170@my.msutexas.edu,M83366451170170170,,2025-04-20 11:46:20.362134,2025-04-20 11:46:20.362135,32,Male,Third visit throw benefit ask site. Happy city thus try rise. Medical weight fly cut seven work win.,Business,,
171,171,Darlene,Bailey,darlene.bailey171@my.msutexas.edu,M60778000171171171,,2025-04-20 11:46:20.362383,2025-04-20 11:46:20.362384,52,Male,"Six administration baby speak stage day. Film hit role catch citizen.
Southern capital shake civil. Catch certain test his grow voice. According drug rich.",Psychology,,
172,172,Melinda,Tanner,melinda.tanner172@my.msutexas.edu,M16858997172172172,,2025-04-20 11:46:20.362661,2025-04-20 11:46:20.362663,46,Other,"Space trial whole week business strategy. Billion work safe must impact return.
Win attorney career. Republican religious lose office majority level next.",Engineering,,
173,173,Erica,Chen,erica.chen173@my.msutexas.edu,M12387083173173173,,2025-04-20 11:46:20.362920,2025-04-20 11:46:20.362921,46,Male,"Party everything you very. Can senior American. Alone standard world building.
Language moment mean difference against. Human despite anyone by here agency.",Business,,
174,174,Mark,Campbell,mark.campbell174@my.msutexas.edu,M91810800174174174,,2025-04-20 11:46:20.363176,2025-04-20 11:46:20.363177,58,Female,"Time another notice ball child.
Past turn see third true successful. Two notice those which public purpose choose. Paper matter treatment care five police.",Business,,
175,175,Kristen,Hooper,kristen.hooper175@my.msutexas.edu,M88640686175175175,,2025-04-20 11:46:20.363436,2025-04-20 11:46:20.363437,26,Other,"Real goal key boy. Mean single dinner sell trip. Summer couple charge tonight hear fund property middle.
Discuss score series local lawyer tree. Each reality yeah carry wear manage hotel avoid.",Computer Science,,
176,176,Travis,Dixon,travis.dixon176@my.msutexas.edu,M76928027176176176,,2025-04-20 11:46:20.363778,2025-04-20 11:46:20.363780,37,Male,"Result consider discover hope move shoulder. Foreign democratic explain actually those.
Support note energy think clear. Across himself medical environment mean oil may national.",Psychology,,
177,177,Sally,Gray,sally.gray177@my.msutexas.edu,M81514545177177177,,2025-04-20 11:46:20.364040,2025-04-20 11:46:20.364041,52,Male,"Though son camera try clear. Car son list wall person strong.
Suffer situation big change. Build why face relate wind director kitchen door. Thank least generation oil.",Education,,
178,178,Lori,Thomas,lori.thomas178@my.msutexas.edu,M30080762178178178,,2025-04-20 11:46:20.364310,2025-04-20 11:46:20.364311,22,Female,Director much father. Visit foreign read anyone when report fact general. Issue pretty situation house throughout capital.,Engineering,,
179,179,Joann,Edwards,joann.edwards179@my.msutexas.edu,M69164745179179179,,2025-04-20 11:46:20.364542,2025-04-20 11:46:20.364543,36,Female,"Spend include knowledge one. Affect find street nothing think dinner.
Teacher certainly movement effort four case. A sport mind participant bring. Feeling decade wish bar here professor or.",Computer Science,,
180,180,Amy,Johnson,amy.johnson180@my.msutexas.edu,M63043335180180180,,2025-04-20 11:46:20.364799,2025-04-20 11:46:20.364800,36,Male,"Total subject good. Miss Mrs training yes.
Hand Democrat accept true alone half. Various policy report compare way recognize. Both region war.",Psychology,,
181,181,Jason,Allen,jason.allen181@my.msutexas.edu,M69935968181181181,,2025-04-20 11:46:20.365073,2025-04-20 11:46:20.365074,19,Female,"Happen a conference help key environmental half. Next soon authority help face thank. From ok join so bill rock.
Fall instead age thing traditional the trial threat. Risk hard those economy hand.",Education,,
182,182,Michael,Hendricks,michael.hendricks182@my.msutexas.edu,M17746523182182182,,2025-04-20 11:46:20.365328,2025-04-20 11:46:20.365329,51,Female,Guy nor take. Popular wish sing visit rich. Guess suggest tax policy.,Business,,
183,183,Nathan,Mejia,nathan.mejia183@my.msutexas.edu,M34225897183183183,,2025-04-20 11:46:20.365569,2025-04-20 11:46:20.365570,37,Female,"Pretty blood pressure green. Explain Mr social identify quality.
Growth someone run beyond. Possible control let body sign other admit.",Business,,
184,184,Leah,Ferguson,leah.ferguson184@my.msutexas.edu,M29389113184184184,,2025-04-20 11:46:20.365828,2025-04-20 11:46:20.365829,33,Female,"Air because collection realize. Detail lay tend standard sometimes.
Admit political two reason benefit. West under and travel.",Biology,,
185,185,Jessica,Palmer,jessica.palmer185@my.msutexas.edu,M81282105185185185,,2025-04-20 11:46:20.366155,2025-04-20 11:46:20.366157,34,Other,"Police speech quickly. Heart American TV mention huge senior law amount. Difference end claim through much.
Home best address others movie product involve. Citizen else benefit alone.",Education,,
186,186,Lisa,Gross,lisa.gross186@my.msutexas.edu,M19907148186186186,,2025-04-20 11:46:20.366433,2025-04-20 11:46:20.366434,58,Male,"Whatever live allow necessary. Many big effort hard dog term. Soldier loss change center available.
None should charge. Yes TV left interesting stage. Take deal stop.",Engineering,,
187,187,Ryan,Roberts,ryan.roberts187@my.msutexas.edu,M90120046187187187,,2025-04-20 11:46:20.366711,2025-04-20 11:46:20.366712,31,Female,"Because bring crime west scene smile industry. Business possible least hear personal.
Why focus protect. Store probably already campaign part want. Idea almost water.",Business,,
188,188,Lindsay,Anderson,lindsay.anderson188@my.msutexas.edu,M27424866188188188,,2025-04-20 11:46:20.366972,2025-04-20 11:46:20.366973,60,Other,"Decide budget challenge. Conference figure throw already.
Machine affect owner sometimes operation forget story. Town our plan environment sense.",Biology,,
189,189,James,Jones,james.jones189@my.msutexas.edu,M85063771189189189,,2025-04-20 11:46:20.367300,2025-04-20 11:46:20.367302,51,Other,"West method avoid statement company choice stop.
Guess fund less. City head outside thought pretty pretty it doctor.",Education,,
190,190,Misty,Wong,misty.wong190@my.msutexas.edu,M76486045190190190,,2025-04-20 11:46:20.367578,2025-04-20 11:46:20.367580,52,Other,"Five participant vote. Election agreement the.
Surface beyond design could city. Face news well. Enough here free generation.",Business,,
191,191,Robert,Walker,robert.walker191@my.msutexas.edu,M67228181191191191,,2025-04-20 11:46:20.367850,2025-04-20 11:46:20.367851,48,Female,"The movement wind movement. Identify course job air. Only sign because upon military sign.
Report stuff body development certain method. Cold boy have.",Biology,,
192,192,Anna,Banks,anna.banks192@my.msutexas.edu,M48391328192192192,,2025-04-20 11:46:20.368109,2025-04-20 11:46:20.368111,25,Male,"Free goal again individual. Set trip body guess image news.
Evidence later pass product. Director audience lead together reveal father mother. Leg yard wife magazine.",Psychology,,
193,193,Susan,Scott,susan.scott193@my.msutexas.edu,M23769351193193193,,2025-04-20 11:46:20.368376,2025-04-20 11:46:20.368377,54,Other,"By paper account speak from tree continue. Property however identify big.
All most teacher moment understand. Activity summer my idea type who consumer. Cup central five Republican.",Education,,
194,194,Robert,Sullivan,robert.sullivan194@my.msutexas.edu,M42818058194194194,,2025-04-20 11:46:20.368655,2025-04-20 11:46:20.368656,31,Male,Pm watch couple fast treat. Church now consider media position professional. Attack nothing include responsibility. Admit trouble leave put say build doctor.,Psychology,,
195,195,David,Bernard,david.bernard195@my.msutexas.edu,M43915459195195195,,2025-04-20 11:46:20.368917,2025-04-20 11:46:20.368918,33,Male,"Alone still base run sing treat. Source kitchen interesting. Heavy another control.
But before every. Civil treat like. Line join social individual one phone itself.",Business,,
196,196,Adam,Thomas,adam.thomas196@my.msutexas.edu,M68467362196196196,,2025-04-20 11:46:20.369195,2025-04-20 11:46:20.369196,60,Female,"Artist good board civil fire win. Simple stand be data near. Case really think.
Rock nearly top performance.",Engineering,,
197,197,Leslie,Bates,leslie.bates197@my.msutexas.edu,M94724112197197197,,2025-04-20 11:46:20.369451,2025-04-20 11:46:20.369453,52,Other,"Road its admit deal.
Anyone try never heart. South space movie model important go move push. Clearly alone cell.
Baby similar close around occur morning. Site meeting indeed red.",Psychology,,
198,198,Jacqueline,Chambers,jacqueline.chambers198@my.msutexas.edu,M94146758198198198,,2025-04-20 11:46:20.369717,2025-04-20 11:46:20.369719,55,Male,Speak drop still single enough different then. Father mention accept anyone defense interview.,Business,,
199,199,Matthew,Hutchinson,matthew.hutchinson199@my.msutexas.edu,M22462454199199199,,2025-04-20 11:46:20.369949,2025-04-20 11:46:20.369950,50,Female,"Gas service back world grow soldier. Provide senior technology as level respond home.
Relationship event me cost. Might foreign rise board network.",Biology,,
200,200,Jason,Underwood,jason.underwood200@my.msutexas.edu,M98704035200200200,,2025-04-20 11:46:20.370223,2025-04-20 11:46:20.370224,22,Male,"Director speak discover different thousand gas. Item student head myself about owner more. Particular stock watch local win.
Increase radio growth play once.",Biology,,
